frame,l_hip_x,l_hip_y,r_hip_x,r_hip_y,l_knee_x,l_knee_y,r_knee_x,r_knee_y,l_ankle_x,l_ankle_y,r_ankle_x,r_ankle_y
0,0.3625217378139496,0.5384834408760071,0.3362114429473877,0.5375550389289856,0.3907662630081177,0.6781213283538818,0.3166124224662781,0.6812474131584167,0.39335426688194275,0.8204784989356995,0.272137314081192,0.8001120090484619
1,0.362758994102478,0.5384879112243652,0.33774125576019287,0.5383962392807007,0.39033398032188416,0.6781235337257385,0.3207145035266876,0.6809661984443665,0.3888058364391327,0.820223331451416,0.2711135149002075,0.796897828578949
2,0.3631025552749634,0.5383852124214172,0.33711889386177063,0.5384303331375122,0.38640090823173523,0.678712010383606,0.32410699129104614,0.6818081140518188,0.3817264139652252,0.8201606869697571,0.2702476978302002,0.7898555994033813
3,0.36337804794311523,0.53672856092453,0.33733201026916504,0.5377101302146912,0.37825584411621094,0.6792545914649963,0.3289599120616913,0.6825324892997742,0.37603700160980225,0.819517195224762,0.2709553837776184,0.7818214297294617
4,0.3610798120498657,0.5351418256759644,0.33731529116630554,0.5372839570045471,0.3755377531051636,0.6788479089736938,0.3377460241317749,0.6834403276443481,0.36919108033180237,0.8179455399513245,0.27321234345436096,0.7757489085197449
5,0.35830381512641907,0.5326045155525208,0.33385562896728516,0.5348725914955139,0.37233150005340576,0.6788387894630432,0.3455091416835785,0.6822883486747742,0.36121678352355957,0.8165810704231262,0.28111550211906433,0.7717037200927734
6,0.3458831310272217,0.5276369452476501,0.32575783133506775,0.5287337899208069,0.36939361691474915,0.671745240688324,0.35105934739112854,0.6755328178405762,0.35484346747398376,0.8158597350120544,0.28657016158103943,0.7704983353614807
7,0.3406796157360077,0.5212814211845398,0.3205038011074066,0.5213725566864014,0.3664509952068329,0.6649112701416016,0.35453760623931885,0.66813063621521,0.34714576601982117,0.8114436864852905,0.29792320728302,0.7730247974395752
8,0.3304198086261749,0.5142084360122681,0.3194926679134369,0.5163064002990723,0.3581913411617279,0.6551750302314758,0.36172327399253845,0.6576622128486633,0.33139923214912415,0.803763210773468,0.31393885612487793,0.7832499146461487
9,0.32302650809288025,0.5068649053573608,0.3147822618484497,0.5102652907371521,0.3481208384037018,0.6489538550376892,0.36620402336120605,0.6505168080329895,0.3256329596042633,0.8005484342575073,0.32192519307136536,0.7995042204856873
10,0.32100144028663635,0.5057757496833801,0.31112220883369446,0.5060243010520935,0.34115350246429443,0.6531475186347961,0.36542972922325134,0.6443841457366943,0.32323646545410156,0.8040866851806641,0.33307981491088867,0.8051369190216064
11,0.31932762265205383,0.5003551244735718,0.30720874667167664,0.500018835067749,0.33377888798713684,0.6538177728652954,0.3621405363082886,0.6428906321525574,0.3143448531627655,0.8042261600494385,0.34545716643333435,0.810271143913269
12,0.31534576416015625,0.49800240993499756,0.3027907609939575,0.49662378430366516,0.32572320103645325,0.6550180912017822,0.3616602122783661,0.6461589932441711,0.30383220314979553,0.8068416118621826,0.36194559931755066,0.8176806569099426
13,0.30920329689979553,0.5017266273498535,0.3023064136505127,0.5012007355690002,0.31650757789611816,0.6607564091682434,0.3618929386138916,0.6469523906707764,0.2943510115146637,0.8072482347488403,0.37588250637054443,0.8243762254714966
14,0.30971676111221313,0.5034144520759583,0.29927316308021545,0.5016618371009827,0.30965879559516907,0.667000949382782,0.36023131012916565,0.6506361365318298,0.28792428970336914,0.8101136684417725,0.38511374592781067,0.8213104605674744
15,0.3081890046596527,0.5096461772918701,0.29876020550727844,0.51249098777771,0.3035070300102234,0.6753270030021667,0.3594965934753418,0.6616393327713013,0.28019046783447266,0.8139830231666565,0.39289721846580505,0.8212615847587585
16,0.30434736609458923,0.5157384872436523,0.30158814787864685,0.5234530568122864,0.3000619411468506,0.6759594082832336,0.35895922780036926,0.6681362986564636,0.27173662185668945,0.8138965964317322,0.39516758918762207,0.8214183449745178
17,0.3031889498233795,0.5211808681488037,0.3023535907268524,0.5287467241287231,0.29269957542419434,0.680206835269928,0.3590157926082611,0.6718793511390686,0.26328667998313904,0.8145923614501953,0.39243295788764954,0.8245561122894287
18,0.30405059456825256,0.5220834612846375,0.3036198318004608,0.5291768312454224,0.2881433963775635,0.6804339289665222,0.35899463295936584,0.6730698943138123,0.25719931721687317,0.8139888644218445,0.3885180950164795,0.8285410404205322
19,0.30207228660583496,0.5223895311355591,0.30431070923805237,0.5287266373634338,0.2875787317752838,0.6792868971824646,0.35883191227912903,0.6721479892730713,0.25112220644950867,0.8117489814758301,0.38328805565834045,0.8276839256286621
20,0.30151131749153137,0.5227959156036377,0.30449047684669495,0.5287026166915894,0.28927356004714966,0.6786436438560486,0.3588571846485138,0.6713027358055115,0.24684493243694305,0.8075190186500549,0.3795832097530365,0.8287991881370544
21,0.3036329746246338,0.5232688784599304,0.30393823981285095,0.528910219669342,0.2917894124984741,0.6780482530593872,0.35833966732025146,0.669832170009613,0.24339701235294342,0.8010081648826599,0.37881505489349365,0.8278815746307373
22,0.3040362298488617,0.5231274366378784,0.3041298985481262,0.5283859372138977,0.2958432734012604,0.6779561638832092,0.35631582140922546,0.6695742011070251,0.24351866543293,0.7961395978927612,0.3679833710193634,0.8308521509170532
23,0.3145337402820587,0.5240929126739502,0.30330127477645874,0.5280390977859497,0.30117127299308777,0.6776748895645142,0.34915709495544434,0.669378936290741,0.24623090028762817,0.7812325954437256,0.35808613896369934,0.8310852646827698
24,0.31649652123451233,0.5245933532714844,0.3026474118232727,0.5277985334396362,0.3148675262928009,0.676882803440094,0.34406331181526184,0.6732199192047119,0.24975456297397614,0.7688236236572266,0.3496905267238617,0.8326979875564575
25,0.31580954790115356,0.5250541567802429,0.3008972704410553,0.5277657508850098,0.32544371485710144,0.6763834953308105,0.3392404019832611,0.6793334484100342,0.2525477707386017,0.7592263221740723,0.34073469042778015,0.8346516489982605
26,0.3158273994922638,0.5253704190254211,0.29786643385887146,0.5280982255935669,0.33030885457992554,0.6756265163421631,0.3331880271434784,0.6847479939460754,0.25814011693000793,0.7567517757415771,0.33013179898262024,0.8372945189476013
27,0.31703245639801025,0.5245323181152344,0.2964455187320709,0.5272906422615051,0.33656319975852966,0.6650322675704956,0.33083903789520264,0.6826819181442261,0.27371445298194885,0.756906270980835,0.32324203848838806,0.8383802771568298
28,0.31664925813674927,0.521263837814331,0.2951788902282715,0.5231839418411255,0.34475183486938477,0.6578949689865112,0.32593128085136414,0.6818974018096924,0.2848445475101471,0.7589092254638672,0.31656262278556824,0.8381129503250122
29,0.3154614269733429,0.520544171333313,0.2925797998905182,0.5231079459190369,0.35284125804901123,0.6555774807929993,0.31864702701568604,0.6810525059700012,0.29663726687431335,0.7598723769187927,0.30853864550590515,0.8378890156745911
30,0.3161182999610901,0.5236653089523315,0.2905467450618744,0.5310743451118469,0.35426926612854004,0.6530722379684448,0.30589011311531067,0.6814591884613037,0.3129569888114929,0.7769547700881958,0.2968962490558624,0.8374974727630615
31,0.31606248021125793,0.5243813395500183,0.28901544213294983,0.5311537384986877,0.35538598895072937,0.6472427845001221,0.2983337342739105,0.680931568145752,0.32322707772254944,0.7898775935173035,0.28851160407066345,0.8371375203132629
32,0.3129299581050873,0.5248209834098816,0.28566378355026245,0.5313577055931091,0.35545262694358826,0.6485425233840942,0.2909718453884125,0.685166597366333,0.344913125038147,0.7948670387268066,0.2800041735172272,0.8367480039596558
33,0.3112223744392395,0.525749683380127,0.2847512662410736,0.5316320061683655,0.35204482078552246,0.6500531435012817,0.28479325771331787,0.685625433921814,0.3634527623653412,0.7995642423629761,0.2685883045196533,0.8363112211227417
34,0.3083514869213104,0.5295077562332153,0.28396913409233093,0.5338227152824402,0.34934306144714355,0.6574283242225647,0.2802515923976898,0.6899871826171875,0.377472847700119,0.7977408766746521,0.26000338792800903,0.8360108733177185
35,0.3052317202091217,0.5311787724494934,0.2826637923717499,0.5345363020896912,0.3492549955844879,0.6580309271812439,0.27610281109809875,0.6920962929725647,0.38556981086730957,0.7961779236793518,0.25176507234573364,0.8354182243347168
36,0.3039919435977936,0.5336063504219055,0.28076598048210144,0.5372920036315918,0.3478604555130005,0.6595869660377502,0.27039316296577454,0.6938942670822144,0.3882772922515869,0.7962654232978821,0.2424662709236145,0.8351556062698364
37,0.30270150303840637,0.536577582359314,0.2811098098754883,0.5395095348358154,0.3469676673412323,0.6616538166999817,0.2680984437465668,0.6940444707870483,0.3849831521511078,0.798305869102478,0.23508737981319427,0.834081768989563
38,0.30239665508270264,0.5374652147293091,0.281112402677536,0.5401774644851685,0.3478386700153351,0.664874792098999,0.2657921016216278,0.6936339735984802,0.3788487911224365,0.8039442896842957,0.2274683713912964,0.8322144746780396
39,0.30292871594429016,0.5378190279006958,0.2810375392436981,0.5402995347976685,0.34822413325309753,0.668544352054596,0.26645782589912415,0.6934745907783508,0.37429019808769226,0.8091368675231934,0.22039783000946045,0.8305521607398987
40,0.3040218651294708,0.5412721633911133,0.2821262776851654,0.5438572764396667,0.34872186183929443,0.674347460269928,0.26694798469543457,0.6928859949111938,0.3697730302810669,0.8140243887901306,0.2140255570411682,0.8247413635253906
41,0.30421605706214905,0.540454626083374,0.2823198437690735,0.5432448983192444,0.3490128517150879,0.6729817390441895,0.2695533335208893,0.6926901936531067,0.36705663800239563,0.8199673891067505,0.20997147262096405,0.8197934627532959
42,0.3101838529109955,0.5398638248443604,0.28578922152519226,0.5436074733734131,0.3491630256175995,0.6756182312965393,0.27206283807754517,0.6940280199050903,0.3594684898853302,0.8219345808029175,0.20961900055408478,0.8124408721923828
43,0.31214290857315063,0.5379706621170044,0.28818479180336,0.5431087017059326,0.34828805923461914,0.6745343804359436,0.2785801887512207,0.6936332583427429,0.3479486405849457,0.822790265083313,0.21320374310016632,0.8004651665687561
44,0.3117460608482361,0.5325779914855957,0.2880575656890869,0.5389605164527893,0.34382927417755127,0.6740514039993286,0.2903382182121277,0.6902867555618286,0.33861029148101807,0.8230361342430115,0.2199089527130127,0.7917968034744263
45,0.31156787276268005,0.5252766013145447,0.28794607520103455,0.5327150225639343,0.3375823199748993,0.6740660071372986,0.30078667402267456,0.6881877779960632,0.3292861878871918,0.8214377164840698,0.22324679791927338,0.7824145555496216
46,0.3096802532672882,0.5182474255561829,0.28580906987190247,0.5238396525382996,0.33300647139549255,0.6740532517433167,0.31117889285087585,0.6825871467590332,0.3189510703086853,0.8207424879074097,0.2352852076292038,0.7779419422149658
47,0.3031751215457916,0.517776608467102,0.2837086319923401,0.5229434967041016,0.32497912645339966,0.6723847389221191,0.3178020417690277,0.6752519011497498,0.3107181191444397,0.8202700614929199,0.24843329191207886,0.7821487784385681
48,0.2958015501499176,0.5155632495880127,0.27899906039237976,0.5196507573127747,0.3144756853580475,0.6660271883010864,0.31904521584510803,0.6685715913772583,0.3014753758907318,0.8168264031410217,0.2627996504306793,0.7863167524337769
49,0.28132978081703186,0.512723982334137,0.274168998003006,0.5160424113273621,0.30664387345314026,0.6547858119010925,0.3241693079471588,0.6581539511680603,0.291723370552063,0.8135127425193787,0.2799556255340576,0.7964626550674438
50,0.27830541133880615,0.5130402445793152,0.27350082993507385,0.5134322047233582,0.2931797504425049,0.6569949388504028,0.3269953727722168,0.6483624577522278,0.285445898771286,0.8137297630310059,0.2921196520328522,0.8066253066062927
51,0.2776634991168976,0.5127835869789124,0.27399083971977234,0.5131242871284485,0.2881759703159332,0.6574745178222656,0.3254684507846832,0.6478853821754456,0.2751843333244324,0.8142894506454468,0.3099806010723114,0.8131245374679565
52,0.26910969614982605,0.5136885643005371,0.27156028151512146,0.5145144462585449,0.2777983248233795,0.6602960228919983,0.32570013403892517,0.6491604447364807,0.26390746235847473,0.8150821924209595,0.3246310353279114,0.8211488127708435
53,0.2717902660369873,0.5156114101409912,0.2688874304294586,0.5157306790351868,0.27192530035972595,0.6685871481895447,0.32414159178733826,0.6521762013435364,0.2544350326061249,0.8163266181945801,0.34167957305908203,0.8239418268203735
54,0.2683139741420746,0.5178462266921997,0.26722365617752075,0.5186076760292053,0.2651502788066864,0.6752833724021912,0.3227260708808899,0.6531490683555603,0.24760480225086212,0.8189960718154907,0.35607412457466125,0.8224837183952332
55,0.2649637758731842,0.5223241448402405,0.2658063471317291,0.5235859751701355,0.26201701164245605,0.676251232624054,0.3213542699813843,0.6537473201751709,0.240364670753479,0.8202487230300903,0.35999202728271484,0.8209874629974365
56,0.2626928389072418,0.5310196280479431,0.26426827907562256,0.5348897576332092,0.25758329033851624,0.6835159063339233,0.3208361566066742,0.6614669561386108,0.2315579652786255,0.8212642669677734,0.36158350110054016,0.8219013810157776
57,0.2601492702960968,0.5330846905708313,0.265814870595932,0.5381190776824951,0.2546057403087616,0.6844421029090881,0.32069942355155945,0.6623578071594238,0.22345919907093048,0.8211378455162048,0.35770562291145325,0.8238728642463684
58,0.2616463005542755,0.5338858366012573,0.2667055130004883,0.5400550365447998,0.2527848184108734,0.6871593594551086,0.32217922806739807,0.6668837666511536,0.21571926772594452,0.8202942609786987,0.3523867130279541,0.8281875252723694
59,0.2624431550502777,0.5350326299667358,0.2669719159603119,0.5432319641113281,0.25182682275772095,0.6899368166923523,0.3225829601287842,0.671151340007782,0.20952849090099335,0.8190422058105469,0.34806129336357117,0.8325939774513245
60,0.26178258657455444,0.5364336371421814,0.27017542719841003,0.5443724393844604,0.2538504898548126,0.6889289021492004,0.3234221041202545,0.6709270477294922,0.20618648827075958,0.8122804164886475,0.3441429138183594,0.8362591862678528
61,0.2630814015865326,0.536531388759613,0.2703689634799957,0.5428473353385925,0.25802525877952576,0.6890466213226318,0.3231581151485443,0.6695430278778076,0.20675422251224518,0.8039668202400208,0.3384561836719513,0.8372048735618591
62,0.26844877004623413,0.5359074473381042,0.2612680494785309,0.5402812361717224,0.2744820713996887,0.6888194680213928,0.31776878237724304,0.6630816459655762,0.20911628007888794,0.7871622443199158,0.32655948400497437,0.8367767333984375
63,0.2719466984272003,0.5331501364707947,0.25921887159347534,0.5360933542251587,0.29237663745880127,0.6839223504066467,0.3130202889442444,0.6676056385040283,0.21350215375423431,0.7757319808006287,0.31714996695518494,0.8386771082878113
64,0.27179285883903503,0.5315859317779541,0.25879669189453125,0.5349298119544983,0.29221081733703613,0.6801530122756958,0.3088621199131012,0.6744335293769836,0.21712984144687653,0.7663664817810059,0.30501556396484375,0.841923177242279
65,0.2735660672187805,0.5324219465255737,0.25793904066085815,0.5363929271697998,0.2973894774913788,0.6788259148597717,0.30251890420913696,0.6910638213157654,0.22091668844223022,0.7612753510475159,0.2956039309501648,0.8497015833854675
66,0.2732451856136322,0.5322252511978149,0.25440365076065063,0.5361549258232117,0.30195125937461853,0.670214831829071,0.2999206781387329,0.6908003687858582,0.23476620018482208,0.7642684578895569,0.286090612411499,0.8509066700935364
67,0.27169376611709595,0.5305936336517334,0.25400522351264954,0.533829391002655,0.30645400285720825,0.6622331142425537,0.2965761125087738,0.6903781294822693,0.25034990906715393,0.7625412344932556,0.27846279740333557,0.8506232500076294
68,0.2692856788635254,0.5300849080085754,0.25096800923347473,0.5335389971733093,0.31660595536231995,0.6623182892799377,0.28517839312553406,0.688222348690033,0.26430097222328186,0.7715522646903992,0.26598674058914185,0.8488186001777649
69,0.2731245756149292,0.5317502617835999,0.2521134912967682,0.5360415577888489,0.31983137130737305,0.6605556011199951,0.2695353031158447,0.6946492791175842,0.2797539532184601,0.7840858101844788,0.25430676341056824,0.8477455377578735
70,0.2733345329761505,0.5317530035972595,0.2518745958805084,0.5379635691642761,0.31918421387672424,0.6533800959587097,0.2616932988166809,0.6961209177970886,0.29815882444381714,0.7922709584236145,0.24819642305374146,0.8476247191429138
71,0.27403488755226135,0.5317423939704895,0.2517346739768982,0.5382799506187439,0.31781646609306335,0.6518656611442566,0.25388965010643005,0.6967856884002686,0.31603190302848816,0.802478551864624,0.2378152757883072,0.8475601673126221
72,0.27404090762138367,0.5322375893592834,0.2523784935474396,0.5384032130241394,0.3154345750808716,0.6540381908416748,0.24772308766841888,0.696298360824585,0.33266550302505493,0.8026392459869385,0.22842510044574738,0.8467420935630798
73,0.2735690772533417,0.5339325070381165,0.24965566396713257,0.5404185056686401,0.3135426342487335,0.6614901423454285,0.24180422723293304,0.6978108882904053,0.3449454605579376,0.80128014087677,0.2199537605047226,0.8463135361671448
74,0.2697049081325531,0.5369125604629517,0.24850820004940033,0.5432640314102173,0.31224584579467773,0.6644967198371887,0.23676322400569916,0.7004832625389099,0.35126054286956787,0.8001664280891418,0.21041643619537354,0.8461166620254517
75,0.26894906163215637,0.5399909019470215,0.2484738826751709,0.5460683107376099,0.3127000629901886,0.6699540019035339,0.2325228899717331,0.7029942274093628,0.35237225890159607,0.8014266490936279,0.20029683411121368,0.8458678126335144
76,0.26911166310310364,0.5456063747406006,0.24900317192077637,0.5519000887870789,0.31380072236061096,0.6739799976348877,0.23091918230056763,0.7050113677978516,0.3485580384731293,0.8077689409255981,0.1932164877653122,0.8458331823348999
77,0.2710028886795044,0.5490449070930481,0.2526687979698181,0.5557124614715576,0.31535395979881287,0.680829644203186,0.23149126768112183,0.7054982781410217,0.34228765964508057,0.8119420409202576,0.18631714582443237,0.8455334305763245
78,0.2773878872394562,0.5512880682945251,0.25390905141830444,0.5585096478462219,0.3177962005138397,0.683634877204895,0.2333974838256836,0.7064967751502991,0.33763587474823,0.8176112771034241,0.18146491050720215,0.8424973487854004
79,0.2800990045070648,0.5516694784164429,0.25866714119911194,0.5584678649902344,0.3191390931606293,0.6897282600402832,0.2362983077764511,0.7067832350730896,0.3326994478702545,0.8249149322509766,0.178844153881073,0.833961546421051
80,0.2849847376346588,0.5503812432289124,0.2636807858943939,0.5570170283317566,0.3185495436191559,0.6874171495437622,0.23836912214756012,0.7061424255371094,0.3294556736946106,0.8253886103630066,0.17786572873592377,0.8270010948181152
81,0.28398245573043823,0.5487084984779358,0.26282933354377747,0.5555943250656128,0.3175785541534424,0.6857566237449646,0.24750007688999176,0.7057475447654724,0.3162286579608917,0.8259129524230957,0.18305201828479767,0.8147669434547424
82,0.28296318650245667,0.547150194644928,0.26218655705451965,0.5545663237571716,0.3130545914173126,0.6862006187438965,0.26071611046791077,0.7054158449172974,0.30854758620262146,0.8254542946815491,0.18897028267383575,0.8045947551727295
83,0.27777472138404846,0.5422112345695496,0.2576390206813812,0.5497242212295532,0.30393311381340027,0.6854996085166931,0.275642991065979,0.7001689672470093,0.29864978790283203,0.8237704038619995,0.18917202949523926,0.7962775230407715
84,0.27206748723983765,0.5345860719680786,0.25343048572540283,0.5420929789543152,0.2966841161251068,0.6853324174880981,0.28465235233306885,0.696536660194397,0.2891407310962677,0.8232918381690979,0.205608069896698,0.789488673210144
85,0.26410984992980957,0.5281691551208496,0.24993963539600372,0.5349485874176025,0.2903172969818115,0.678681492805481,0.2889295816421509,0.6820970177650452,0.27827170491218567,0.821707546710968,0.22118407487869263,0.7902637720108032
86,0.26337143778800964,0.5287615060806274,0.24950657784938812,0.5356103181838989,0.287605345249176,0.6755438446998596,0.2924899160861969,0.6758671998977661,0.26750078797340393,0.817402720451355,0.2361617088317871,0.7967390418052673
87,0.2526377737522125,0.5259935855865479,0.2501148283481598,0.5350947976112366,0.2802049517631531,0.6653251051902771,0.29893770813941956,0.6685194373130798,0.2614249289035797,0.8099527955055237,0.25427675247192383,0.8038429021835327
88,0.24963831901550293,0.526431679725647,0.2503984272480011,0.531720757484436,0.2657182812690735,0.668610155582428,0.30173948407173157,0.6605451107025146,0.25348949432373047,0.8203162550926208,0.27023693919181824,0.8097088932991028
89,0.25129571557044983,0.5270452499389648,0.25058990716934204,0.5330231785774231,0.2602069675922394,0.6731217503547668,0.3016723692417145,0.6591601371765137,0.24291080236434937,0.8256296515464783,0.28986960649490356,0.8138092160224915
90,0.24629102647304535,0.530551016330719,0.25037944316864014,0.5338220000267029,0.24977034330368042,0.685381293296814,0.3032064139842987,0.6603078246116638,0.2342471331357956,0.8302394151687622,0.3072422444820404,0.8223755359649658
91,0.24467597901821136,0.5344910621643066,0.24971723556518555,0.5383093953132629,0.24451100826263428,0.6851032376289368,0.30141350626945496,0.6636507511138916,0.22745443880558014,0.829940140247345,0.3208160102367401,0.8235686421394348
92,0.24287880957126617,0.5396624803543091,0.2494039088487625,0.5429613590240479,0.23837143182754517,0.6868395805358887,0.29881876707077026,0.6654796600341797,0.22173334658145905,0.8301951885223389,0.33469995856285095,0.8232502937316895
93,0.2372114062309265,0.5438113808631897,0.2489709109067917,0.5472612977027893,0.23231355845928192,0.6898632645606995,0.2976607084274292,0.6703250408172607,0.21494562923908234,0.8312790393829346,0.34180358052253723,0.8227318525314331
94,0.23929131031036377,0.5512487292289734,0.24955981969833374,0.5556126236915588,0.22942180931568146,0.6955855488777161,0.29823699593544006,0.6769390106201172,0.2076178640127182,0.8325020670890808,0.34218668937683105,0.8240777254104614
95,0.239923357963562,0.5533090233802795,0.24957352876663208,0.5581310391426086,0.2288154512643814,0.6983413100242615,0.3000575006008148,0.6820183992385864,0.19850309193134308,0.8341324329376221,0.3391385078430176,0.8296014070510864
96,0.24063242971897125,0.553368091583252,0.25133052468299866,0.5598247051239014,0.2284141629934311,0.7000545263290405,0.3014344871044159,0.6839204430580139,0.19240663945674896,0.8334265947341919,0.334590345621109,0.8317486047744751
97,0.24178214371204376,0.5535804033279419,0.2552575170993805,0.5600992441177368,0.2311818152666092,0.700437605381012,0.30239638686180115,0.6841124296188354,0.18798093497753143,0.8300677537918091,0.3305771052837372,0.8341878056526184
98,0.2421296238899231,0.5504075288772583,0.25679153203964233,0.5583577752113342,0.23540367186069489,0.6983391642570496,0.30167391896247864,0.6825401782989502,0.1848479062318802,0.8210940361022949,0.32550278306007385,0.8358909487724304
99,0.24724499881267548,0.5501213669776917,0.25941455364227295,0.5574881434440613,0.24159401655197144,0.697655975818634,0.301808625459671,0.684550404548645,0.18777267634868622,0.8111918568611145,0.3225889801979065,0.8397603631019592
100,0.25055134296417236,0.5461888313293457,0.2591288983821869,0.5538603663444519,0.26244017481803894,0.6944760680198669,0.30170685052871704,0.6842238306999207,0.19198758900165558,0.7946312427520752,0.31508520245552063,0.8412673473358154
101,0.25469812750816345,0.5416075587272644,0.25769588351249695,0.5482249855995178,0.27794310450553894,0.6889746189117432,0.2908705174922943,0.6849841475486755,0.19673524796962738,0.7818087935447693,0.30594828724861145,0.8422467708587646
102,0.2537175714969635,0.5391154885292053,0.257487028837204,0.5464614033699036,0.2752320468425751,0.6865853667259216,0.2910243272781372,0.6894263625144958,0.19952857494354248,0.7778659462928772,0.2959153354167938,0.8435806035995483
103,0.2533540427684784,0.5371255278587341,0.25736188888549805,0.5446026921272278,0.27880343794822693,0.6845007538795471,0.2891803979873657,0.6933833956718445,0.2118668407201767,0.7709958553314209,0.2882422208786011,0.8478244543075562
104,0.25520363450050354,0.5366017818450928,0.2542949616909027,0.5438514947891235,0.28458935022354126,0.6728527545928955,0.2875249683856964,0.6929389238357544,0.22679352760314941,0.7732994556427002,0.281475305557251,0.8496882915496826
105,0.2592085003852844,0.5368616580963135,0.25379130244255066,0.5441384315490723,0.2970851957798004,0.6648315191268921,0.2859039306640625,0.6909236907958984,0.24419403076171875,0.7729012370109558,0.27392128109931946,0.8487362861633301
106,0.2633081078529358,0.5370278358459473,0.2518347203731537,0.5440974831581116,0.30448511242866516,0.666857898235321,0.278340607881546,0.6915134191513062,0.2545599937438965,0.7889412045478821,0.26362577080726624,0.8478339314460754
107,0.2631676495075226,0.5354992747306824,0.24895602464675903,0.5430020689964294,0.3064098060131073,0.6621236205101013,0.26735997200012207,0.6852636933326721,0.2712056338787079,0.804348886013031,0.2566851079463959,0.8470599055290222
108,0.26782670617103577,0.5357339978218079,0.24926531314849854,0.5441635251045227,0.31144192814826965,0.6605261564254761,0.2569195032119751,0.6935755610466003,0.2905959188938141,0.8089348077774048,0.2498902827501297,0.8479732275009155
109,0.2724834680557251,0.5367060303688049,0.25113993883132935,0.5458922982215881,0.31101086735725403,0.6632561683654785,0.2518061697483063,0.6954982280731201,0.3087483048439026,0.8165023922920227,0.24058979749679565,0.848517119884491
110,0.26911625266075134,0.538938045501709,0.2529982626438141,0.5471482276916504,0.310345858335495,0.6648625135421753,0.24474357068538666,0.7035632133483887,0.32698002457618713,0.8199993968009949,0.23310427367687225,0.8522896766662598
111,0.26783323287963867,0.5451059937477112,0.25196292996406555,0.5546095371246338,0.3110294044017792,0.6748112440109253,0.24035607278347015,0.7133229374885559,0.34269818663597107,0.8179134130477905,0.2263536900281906,0.8552406430244446
112,0.2704164683818817,0.5549756288528442,0.24859613180160522,0.5657667517662048,0.3131001889705658,0.6827277541160583,0.2347370833158493,0.7187111973762512,0.35294583439826965,0.8170040249824524,0.21803002059459686,0.8578013777732849
113,0.2735024094581604,0.5575804114341736,0.2479245662689209,0.5682297348976135,0.31353315711021423,0.6871344447135925,0.2341925948858261,0.7181710004806519,0.3579995334148407,0.8191702961921692,0.21025605499744415,0.8583664894104004
114,0.27596357464790344,0.5626545548439026,0.2489749640226364,0.5733838677406311,0.31725767254829407,0.6930273771286011,0.23253346979618073,0.7211198210716248,0.3565707504749298,0.8248385190963745,0.20393569767475128,0.8600693345069885
115,0.27755677700042725,0.5644434690475464,0.2521369755268097,0.5768179297447205,0.3227194845676422,0.6963745355606079,0.2335585206747055,0.7241392731666565,0.35360971093177795,0.8332576751708984,0.19714613258838654,0.8606057167053223
116,0.2809743881225586,0.5643977522850037,0.2603049874305725,0.5757092237472534,0.3247337341308594,0.6972585320472717,0.23581825196743011,0.7248269319534302,0.34945011138916016,0.83919358253479,0.19211287796497345,0.8598041534423828
117,0.28573083877563477,0.5631455779075623,0.26744627952575684,0.5734755396842957,0.32678791880607605,0.6972240209579468,0.23872660100460052,0.7248139381408691,0.3457982838153839,0.8464900255203247,0.190265491604805,0.8574658036231995
118,0.29185953736305237,0.5620224475860596,0.2717187702655792,0.5721999406814575,0.33100441098213196,0.6986172795295715,0.24438881874084473,0.7245308756828308,0.3416801691055298,0.8516315221786499,0.18858040869235992,0.8512425422668457
119,0.2964276969432831,0.5612905025482178,0.2748326361179352,0.5716965794563293,0.3328392505645752,0.697968602180481,0.25777775049209595,0.7231999635696411,0.33820199966430664,0.8537852764129639,0.1923365443944931,0.8421412110328674
120,0.30059516429901123,0.5612908005714417,0.2790367305278778,0.5712405443191528,0.33096954226493835,0.7009448409080505,0.2699795067310333,0.7237728834152222,0.3335341215133667,0.8528265357017517,0.19749264419078827,0.8287186026573181
121,0.30157575011253357,0.560944676399231,0.28101080656051636,0.5710670948028564,0.32933279871940613,0.7026307582855225,0.2851733863353729,0.7232165932655334,0.32501867413520813,0.8519286513328552,0.20331509411334991,0.8223122358322144
122,0.2997971177101135,0.560871422290802,0.280780553817749,0.5694797039031982,0.3280126750469208,0.7049059271812439,0.29941490292549133,0.720558226108551,0.31601834297180176,0.8542677760124207,0.2191661149263382,0.8139293193817139
123,0.2982442080974579,0.5601077079772949,0.2817564606666565,0.5681740045547485,0.32309791445732117,0.7048782706260681,0.31101420521736145,0.7164716124534607,0.30756738781929016,0.8551090359687805,0.23393423855304718,0.8124239444732666
124,0.29655954241752625,0.5536763668060303,0.2833026945590973,0.561588704586029,0.3172382414340973,0.7039784789085388,0.3148057162761688,0.7081048488616943,0.3031550943851471,0.8532990217208862,0.2518174946308136,0.8170483112335205
125,0.2909165322780609,0.5514501929283142,0.2858693301677704,0.5610817670822144,0.306000679731369,0.6938102841377258,0.32615745067596436,0.6973782777786255,0.28714585304260254,0.8436620235443115,0.27487120032310486,0.8315212726593018
126,0.289741575717926,0.5514031648635864,0.28939083218574524,0.5606353282928467,0.2992541193962097,0.6975212097167969,0.33419135212898254,0.6943625211715698,0.28547778725624084,0.8519787192344666,0.2891474664211273,0.8360770344734192
127,0.28802695870399475,0.5515181422233582,0.2927299439907074,0.5567263960838318,0.29350247979164124,0.7027578949928284,0.3360421359539032,0.6880503296852112,0.2797280550003052,0.8676325678825378,0.30759692192077637,0.8498817086219788
128,0.286994606256485,0.5552381873130798,0.2940666973590851,0.5574155449867249,0.288480281829834,0.7067459225654602,0.33971139788627625,0.6868229508399963,0.27182531356811523,0.8704347014427185,0.3289807140827179,0.8624431490898132
129,0.2852027118206024,0.5613704323768616,0.2968621253967285,0.560906708240509,0.2836720049381256,0.7088983058929443,0.3425793945789337,0.6897773742675781,0.26579830050468445,0.870280921459198,0.35165631771087646,0.8665500283241272
130,0.2831627428531647,0.5629838109016418,0.29671308398246765,0.562507152557373,0.2764006555080414,0.7117833495140076,0.3442687690258026,0.6922900080680847,0.25978103280067444,0.8723397254943848,0.36805078387260437,0.8658228516578674
131,0.2833990156650543,0.5679795145988464,0.29898616671562195,0.5680843591690063,0.2708565890789032,0.7210133075714111,0.3459242880344391,0.6983164548873901,0.2523581385612488,0.8755976557731628,0.3837944269180298,0.8619536757469177
132,0.2838118076324463,0.5706420540809631,0.2985893189907074,0.572955310344696,0.2706483006477356,0.7241913080215454,0.34740039706230164,0.7033252120018005,0.24281148612499237,0.8776686787605286,0.3897813558578491,0.8614466190338135
133,0.2851162850856781,0.5738218426704407,0.3012777864933014,0.5769509077072144,0.2706400454044342,0.7248556613922119,0.35149553418159485,0.7090689539909363,0.2358841449022293,0.8768581748008728,0.3909093141555786,0.8676530122756958
134,0.28635820746421814,0.5733014941215515,0.30536842346191406,0.5789101123809814,0.2700997292995453,0.7251588106155396,0.3550420105457306,0.708891749382019,0.22935424745082855,0.8752090334892273,0.38798585534095764,0.8687947392463684
135,0.2887249290943146,0.5726429224014282,0.30920884013175964,0.5786545276641846,0.27064037322998047,0.7255244851112366,0.35940077900886536,0.7094836831092834,0.2236509919166565,0.8730013966560364,0.38521912693977356,0.8722395896911621
136,0.29347023367881775,0.5725809335708618,0.3159637749195099,0.580371618270874,0.2734931707382202,0.724272608757019,0.36463209986686707,0.7094278931617737,0.22375184297561646,0.8628726601600647,0.3810913860797882,0.8748780488967896
137,0.29717060923576355,0.5657123923301697,0.31645914912223816,0.5753905177116394,0.28311434388160706,0.7210440635681152,0.3662450611591339,0.7092893123626709,0.2277727872133255,0.848850667476654,0.3752382695674896,0.8784653544425964
138,0.3053657114505768,0.5581307411193848,0.31620919704437256,0.5697329640388489,0.30315861105918884,0.7159032225608826,0.3664412796497345,0.709224283695221,0.23206727206707,0.8358864784240723,0.3702758550643921,0.8793819546699524
139,0.3073410093784332,0.5528197288513184,0.31540390849113464,0.5639867782592773,0.3334321081638336,0.7090672254562378,0.3642441928386688,0.7107978463172913,0.23391000926494598,0.8206822872161865,0.3636963367462158,0.8822552561759949
140,0.3171631395816803,0.5522049069404602,0.3136371076107025,0.5630137324333191,0.33924469351768494,0.7090916037559509,0.3531278371810913,0.7169448733329773,0.27488404512405396,0.8303418755531311,0.3497650921344757,0.8839862942695618
141,0.3158050775527954,0.5519409775733948,0.3168400824069977,0.5635976195335388,0.3374421298503876,0.7084761261940002,0.35119208693504333,0.7274081110954285,0.26550960540771484,0.8125573396682739,0.3444739282131195,0.888083279132843
142,0.31357553601264954,0.5458351969718933,0.3189292848110199,0.5598062872886658,0.33819207549095154,0.6980105638504028,0.3495258390903473,0.7271407246589661,0.2768498361110687,0.8102670311927795,0.33834660053253174,0.891907811164856
143,0.3160962462425232,0.5462775826454163,0.3214220702648163,0.5598410367965698,0.34180834889411926,0.6913536787033081,0.3489125072956085,0.7249906063079834,0.29372575879096985,0.8129790425300598,0.32788026332855225,0.8904032111167908
144,0.3185725808143616,0.5509881377220154,0.3214716613292694,0.5608683824539185,0.3511175215244293,0.6939413547515869,0.3456435203552246,0.7263438701629639,0.3065779507160187,0.8183437585830688,0.3209860622882843,0.8928179740905762
145,0.33303073048591614,0.553735077381134,0.32005465030670166,0.5628198981285095,0.3652285039424896,0.6956096887588501,0.33125966787338257,0.7290887236595154,0.3301100730895996,0.8267612457275391,0.3100973069667816,0.8961365222930908
146,0.3381286859512329,0.5589901804924011,0.3214309513568878,0.5663450956344604,0.3734711706638336,0.6956360936164856,0.3212629556655884,0.7300518155097961,0.3459618389606476,0.8371395468711853,0.3045308589935303,0.896878719329834
147,0.33611905574798584,0.5591403245925903,0.32063785195350647,0.567052960395813,0.377732515335083,0.6935694813728333,0.3150012195110321,0.7312588095664978,0.36851081252098083,0.8443092107772827,0.2964361011981964,0.9015879034996033
148,0.33692052960395813,0.564561665058136,0.315044105052948,0.5735601782798767,0.3790479004383087,0.6957349181175232,0.3095323443412781,0.7379036545753479,0.3911031484603882,0.8472456932067871,0.28878602385520935,0.9045308232307434
149,0.33467522263526917,0.5707365870475769,0.31719791889190674,0.5790727138519287,0.38093486428260803,0.6999534964561462,0.3025017976760864,0.7498764991760254,0.40700408816337585,0.8464374542236328,0.27957841753959656,0.9081887602806091
150,0.334125280380249,0.5764336585998535,0.3178793489933014,0.5843470692634583,0.38169071078300476,0.711621880531311,0.2980262041091919,0.7587470412254333,0.42264148592948914,0.8465045094490051,0.2709779739379883,0.913133978843689
151,0.3336593806743622,0.5791298747062683,0.31581225991249084,0.5867170095443726,0.38432642817497253,0.7160561680793762,0.2952822148799896,0.7594606876373291,0.4273802936077118,0.8468784093856812,0.2626293897628784,0.9162092804908752
152,0.3337697982788086,0.5793430805206299,0.31548723578453064,0.588146448135376,0.38700172305107117,0.7173484563827515,0.29520919919013977,0.7579842209815979,0.4268999993801117,0.8505553603172302,0.2565305233001709,0.9141590595245361
153,0.34049808979034424,0.5806344151496887,0.31617411971092224,0.5910084843635559,0.39184829592704773,0.7181538343429565,0.2952394187450409,0.7588872313499451,0.42161235213279724,0.8571484684944153,0.25105759501457214,0.9124877452850342
154,0.34274137020111084,0.5813426375389099,0.3183360993862152,0.5920649766921997,0.39447537064552307,0.7179439663887024,0.2969453036785126,0.7587563395500183,0.419313907623291,0.8650699853897095,0.24633799493312836,0.9122779965400696
155,0.34407249093055725,0.5802876949310303,0.32044005393981934,0.5911759734153748,0.3959099054336548,0.7172464728355408,0.29966452717781067,0.7588375806808472,0.4148450791835785,0.8684872388839722,0.24198736250400543,0.9118015170097351
156,0.3510001003742218,0.5798556804656982,0.32804206013679504,0.5906383991241455,0.39858415722846985,0.7242661714553833,0.3022972345352173,0.7588229179382324,0.4098014533519745,0.8762591481208801,0.24281390011310577,0.903706431388855
157,0.3541658818721771,0.5799413323402405,0.33556318283081055,0.590234100818634,0.39771756529808044,0.7252534031867981,0.31225326657295227,0.759274959564209,0.40538129210472107,0.8781626224517822,0.24323302507400513,0.8957917094230652
158,0.35566094517707825,0.5750634074211121,0.3401200771331787,0.5850268006324768,0.3950553238391876,0.7245414853096008,0.33224013447761536,0.7591484189033508,0.3996947109699249,0.8793685436248779,0.24978895485401154,0.8801617622375488
159,0.3524799048900604,0.5715339183807373,0.3382370173931122,0.5803750157356262,0.3934882879257202,0.7237384915351868,0.3483307659626007,0.7564694881439209,0.38916611671447754,0.8811439275741577,0.25381845235824585,0.8686760067939758
160,0.35210704803466797,0.5702463984489441,0.33851680159568787,0.5798798203468323,0.3905775547027588,0.723833441734314,0.36673030257225037,0.7469795942306519,0.37824156880378723,0.8837475776672363,0.27177244424819946,0.8597612977027893
161,0.342732697725296,0.5665278434753418,0.33827582001686096,0.5761018395423889,0.38250645995140076,0.7234835624694824,0.37104594707489014,0.7420089244842529,0.36799001693725586,0.8848522901535034,0.28522491455078125,0.8612506985664368
162,0.3328568637371063,0.5618091225624084,0.337723970413208,0.5728914141654968,0.37957072257995605,0.7229154109954834,0.3762134611606598,0.7358349561691284,0.3503061830997467,0.8826231956481934,0.302243709564209,0.8666794896125793
163,0.32687580585479736,0.5609195232391357,0.3378094732761383,0.5723885297775269,0.3731907904148102,0.7112330198287964,0.3881307542324066,0.72348552942276,0.3389546573162079,0.8739302754402161,0.3257633149623871,0.8694911599159241
164,0.31796541810035706,0.5616965293884277,0.338270902633667,0.570258617401123,0.3495817482471466,0.7149861454963684,0.39034023880958557,0.7219918370246887,0.3332836329936981,0.884006917476654,0.3413660228252411,0.8867607712745667
165,0.3149314224720001,0.5641623735427856,0.33877596259117126,0.5697631239891052,0.3377760648727417,0.726371705532074,0.3920224905014038,0.7132235169410706,0.32992473244667053,0.8993577361106873,0.3611629903316498,0.8896573185920715
166,0.3160875141620636,0.5676988363265991,0.33945146203041077,0.5703200101852417,0.3276562988758087,0.7326973080635071,0.39158737659454346,0.7129700779914856,0.3162865936756134,0.9091100096702576,0.38230621814727783,0.8983425498008728
167,0.317450612783432,0.5675554275512695,0.33923351764678955,0.5693444609642029,0.3175303637981415,0.7412018179893494,0.39392754435539246,0.7152981758117676,0.3072553873062134,0.9170964360237122,0.4063355624675751,0.9063969850540161
168,0.31548628211021423,0.5704419612884521,0.33892902731895447,0.5694118142127991,0.31304338574409485,0.7448817491531372,0.39304831624031067,0.7172465324401855,0.29879844188690186,0.9215891361236572,0.4218917191028595,0.9035882353782654
169,0.3118313252925873,0.5714997053146362,0.3386886417865753,0.5708766579627991,0.3093917667865753,0.7474620938301086,0.3925655782222748,0.7247856259346008,0.28884798288345337,0.9238955974578857,0.43755707144737244,0.9015960693359375
170,0.3099111318588257,0.5718786716461182,0.3380117416381836,0.5717018842697144,0.30615487694740295,0.7505524158477783,0.3936827480792999,0.726669430732727,0.27841606736183167,0.9306632876396179,0.44129109382629395,0.9007430076599121
171,0.3096279501914978,0.5736981630325317,0.3379824459552765,0.5737680792808533,0.3016846477985382,0.7579267024993896,0.3947807252407074,0.7317141890525818,0.2684209644794464,0.9342718720436096,0.44222140312194824,0.901391327381134
172,0.30951613187789917,0.5749228596687317,0.3387596607208252,0.577660083770752,0.30025699734687805,0.7607146501541138,0.39898523688316345,0.7364035844802856,0.262116402387619,0.9332118034362793,0.43516623973846436,0.903523862361908
173,0.3109201192855835,0.577128529548645,0.34078899025917053,0.582365870475769,0.30006057024002075,0.7623393535614014,0.4007399380207062,0.7403532862663269,0.25362318754196167,0.9327623844146729,0.42841532826423645,0.9097605347633362
174,0.3128906190395355,0.5789726972579956,0.34516775608062744,0.5871601700782776,0.3036445081233978,0.7594260573387146,0.40121567249298096,0.7458429932594299,0.2478458732366562,0.9295716881752014,0.4254119396209717,0.9201377630233765
175,0.31699228286743164,0.5788937211036682,0.34802934527397156,0.5879338383674622,0.30758151412010193,0.7576223015785217,0.4009160101413727,0.7447421550750732,0.24735760688781738,0.9234839081764221,0.4211455285549164,0.9236648082733154
176,0.31952205300331116,0.5773048996925354,0.3517896831035614,0.5871412754058838,0.3145999014377594,0.7541317343711853,0.4004460871219635,0.7489646077156067,0.24975116550922394,0.9071853756904602,0.4175781309604645,0.9336897730827332
177,0.32528918981552124,0.5762789845466614,0.35671544075012207,0.5870161652565002,0.3307054936885834,0.7539665699005127,0.39977964758872986,0.7527567744255066,0.25388064980506897,0.8985556960105896,0.41048499941825867,0.9404169917106628
178,0.3349325358867645,0.5768393874168396,0.35874292254447937,0.5894758701324463,0.3484456241130829,0.7539726495742798,0.39639201760292053,0.7649352550506592,0.25951823592185974,0.8873038291931152,0.398241251707077,0.9469788074493408
179,0.33826330304145813,0.5773992538452148,0.36342939734458923,0.5901185870170593,0.36727169156074524,0.7536376118659973,0.38666412234306335,0.7711368799209595,0.2702767550945282,0.8818589448928833,0.3863472044467926,0.9504106044769287
180,0.35210633277893066,0.578140377998352,0.36057785153388977,0.5924394130706787,0.37623170018196106,0.7566635608673096,0.38137587904930115,0.7811594605445862,0.34722116589546204,0.9271878004074097,0.2968139350414276,0.8989814519882202
181,0.34664928913116455,0.5796390175819397,0.36076876521110535,0.5940511226654053,0.3659420311450958,0.7562546133995056,0.3811587989330292,0.7861636877059937,0.31307145953178406,0.9051133394241333,0.34969618916511536,0.9528840184211731
182,0.34370359778404236,0.579947292804718,0.36023327708244324,0.595230221748352,0.36379969120025635,0.756386935710907,0.3783862590789795,0.7869288921356201,0.31918781995773315,0.9022244215011597,0.35102584958076477,0.9578200578689575
183,0.3444083034992218,0.58152174949646,0.35671088099479675,0.5954532027244568,0.37563979625701904,0.7561663389205933,0.369966983795166,0.7860974073410034,0.32973459362983704,0.9130681157112122,0.3410625755786896,0.9655846357345581
184,0.35571470856666565,0.586124837398529,0.3478468954563141,0.5962815880775452,0.39083829522132874,0.7559370994567871,0.35557302832603455,0.7888725399971008,0.3582909405231476,0.9215832352638245,0.33503714203834534,0.9699262976646423
185,0.35791704058647156,0.5904766917228699,0.3427863121032715,0.599402666091919,0.3971198499202728,0.7558360695838928,0.3413091003894806,0.7937907576560974,0.37799179553985596,0.9303810000419617,0.3239838778972626,0.9744378328323364
186,0.35521626472473145,0.5968065857887268,0.3397693336009979,0.6048625111579895,0.39896419644355774,0.7556727528572083,0.3317938446998596,0.8033192157745361,0.3995252549648285,0.9355950951576233,0.30556973814964294,0.9746267795562744
187,0.3545896112918854,0.607306957244873,0.3400430679321289,0.614844799041748,0.38963815569877625,0.7555517554283142,0.3303461968898773,0.816300094127655,0.4209572374820709,0.9350751042366028,0.3096471130847931,1.0025197267532349
188,0.34863805770874023,0.6173572540283203,0.3379240930080414,0.6253139972686768,0.38835409283638,0.7581984400749207,0.31969016790390015,0.8278550505638123,0.4362518787384033,0.9308861494064331,0.2976633608341217,1.0284955501556396
189,0.34200894832611084,0.6234155297279358,0.3383203446865082,0.6314902901649475,0.3887985944747925,0.7555199265480042,0.31476250290870667,0.8326475620269775,0.44310978055000305,0.9288594722747803,0.27441641688346863,1.0065178871154785
190,0.3420410454273224,0.627495527267456,0.33484235405921936,0.6366899013519287,0.3936275541782379,0.753126859664917,0.3148234784603119,0.8287801146507263,0.44109657406806946,0.9276692867279053,0.26568856835365295,0.9978135228157043
191,0.34234145283699036,0.6259960532188416,0.333230197429657,0.6364466547966003,0.39891669154167175,0.7567009329795837,0.31491678953170776,0.8269549012184143,0.4400440752506256,0.9287662506103516,0.2526974678039551,0.9872435331344604
192,0.3456980288028717,0.6235425472259521,0.33572474122047424,0.6340305805206299,0.4046292304992676,0.7701073288917542,0.31621724367141724,0.8296013474464417,0.438736230134964,0.9428945183753967,0.2547326385974884,0.9888923168182373
193,0.35072341561317444,0.6215282082557678,0.34011778235435486,0.6331779360771179,0.40798935294151306,0.7768473029136658,0.319691926240921,0.8307963013648987,0.4372204542160034,0.9592644572257996,0.2541261315345764,0.9861588478088379
194,0.35927653312683105,0.6211060285568237,0.34846529364585876,0.6326313018798828,0.40944674611091614,0.7797728776931763,0.32246965169906616,0.8354190587997437,0.4332040250301361,0.9637975096702576,0.25489357113838196,0.9859537482261658
195,0.3660719096660614,0.6214054822921753,0.35486605763435364,0.6347073912620544,0.4125400483608246,0.78703373670578,0.3284706771373749,0.8393111228942871,0.4268507659435272,0.9674779176712036,0.257276326417923,0.985677182674408
196,0.3682498037815094,0.6217658519744873,0.35550597310066223,0.6351813673973083,0.40965402126312256,0.7925968766212463,0.3480348587036133,0.8407440185546875,0.41843876242637634,0.9773784875869751,0.26254770159721375,0.9853069186210632
197,0.3683433532714844,0.622481644153595,0.3555799722671509,0.6363818049430847,0.40943631529808044,0.806147038936615,0.3678760230541229,0.8401150703430176,0.4080837070941925,0.9830799102783203,0.26772746443748474,0.979728639125824
198,0.3663097620010376,0.6220165491104126,0.3575744330883026,0.6355869770050049,0.39815226197242737,0.8141932487487793,0.3845229148864746,0.8385838866233826,0.3919041156768799,0.9856221675872803,0.2831118404865265,0.976549506187439
199,0.36529481410980225,0.619657039642334,0.3624228239059448,0.6311770081520081,0.3894765377044678,0.8140057921409607,0.38751235604286194,0.8374401330947876,0.32935330271720886,0.9785855412483215,0.302606999874115,0.9726505279541016
200,0.3616008758544922,0.6162456274032593,0.36508628726005554,0.6281928420066833,0.38526952266693115,0.8140767216682434,0.3964974582195282,0.8297399878501892,0.35000351071357727,0.9770259261131287,0.3207130432128906,0.9664531350135803
201,0.3482891023159027,0.6136723756790161,0.3672078549861908,0.6226353645324707,0.3733157217502594,0.8096001744270325,0.4073673188686371,0.8118496537208557,0.3494422137737274,0.9727545380592346,0.3468499183654785,0.96743243932724
202,0.3427351713180542,0.6143547296524048,0.36888110637664795,0.6227068901062012,0.35808953642845154,0.8077731728553772,0.40960168838500977,0.8141098618507385,0.343548983335495,0.9830201268196106,0.3613933324813843,0.9864224195480347
203,0.3437415659427643,0.6143748760223389,0.3674122095108032,0.6199685335159302,0.35697948932647705,0.806267499923706,0.41138115525245667,0.8050435185432434,0.34482118487358093,1.0017845630645752,0.38133808970451355,0.9878262281417847
204,0.3384459912776947,0.6143061518669128,0.36624133586883545,0.6195380091667175,0.34686991572380066,0.8051527738571167,0.4157208204269409,0.798407256603241,0.3236301839351654,1.0111908912658691,0.40081289410591125,0.9982498288154602
205,0.3321554660797119,0.616604208946228,0.36662355065345764,0.6215907335281372,0.33462631702423096,0.8172199726104736,0.41453877091407776,0.8005991578102112,0.30813977122306824,1.0129958391189575,0.4139731824398041,1.0090750455856323
206,0.33017441630363464,0.6257859468460083,0.3684858977794647,0.6329079270362854,0.32532885670661926,0.8386313319206238,0.41431692242622375,0.8265866637229919,0.2884068787097931,1.0209252834320068,0.4389813244342804,1.0090155601501465
207,0.32820260524749756,0.6417048573493958,0.3682047128677368,0.6471655964851379,0.31817421317100525,0.8487124443054199,0.4102271795272827,0.8345569968223572,0.2748619019985199,1.046377420425415,0.45177415013313293,1.0067800283432007
208,0.3271830081939697,0.6523510217666626,0.3627113401889801,0.6583361029624939,0.31543809175491333,0.8609211444854736,0.40837860107421875,0.834662139415741,0.27283167839050293,1.0650912523269653,0.45673486590385437,1.0048832893371582
209,0.32944002747535706,0.6629917025566101,0.35580453276634216,0.6748279333114624,0.3244779407978058,0.8611790537834167,0.40774309635162354,0.8713828921318054,0.2943747937679291,1.049267292022705,0.45444461703300476,1.0059491395950317
210,0.3303423821926117,0.6679195761680603,0.36322271823883057,0.6754909753799438,0.3133794963359833,0.8661597967147827,0.4185069799423218,0.8736140131950378,0.2716992199420929,1.0575863122940063,0.4483635723590851,1.0151814222335815
211,0.3312377631664276,0.673946738243103,0.37205830216407776,0.6816155910491943,0.30496832728385925,0.8625394105911255,0.4212157428264618,0.8771801590919495,0.261803537607193,1.0554547309875488,0.44552943110466003,1.064315915107727
212,0.3320758640766144,0.6737425923347473,0.37567052245140076,0.6815586686134338,0.3091876804828644,0.8569841980934143,0.4216471016407013,0.8792976140975952,0.2691256105899811,1.0131096839904785,0.4406237304210663,1.0949090719223022
213,0.3343002498149872,0.670925498008728,0.38326218724250793,0.6824767589569092,0.31868061423301697,0.85394287109375,0.42280611395835876,0.8730530142784119,0.2773917615413666,0.9851822853088379,0.43882808089256287,1.1006132364273071
214,0.3408992290496826,0.6708229184150696,0.3819887936115265,0.6876652836799622,0.3364248275756836,0.8508414626121521,0.4220474064350128,0.8690158128738403,0.28197231888771057,0.9889244437217712,0.43416503071784973,1.1001518964767456
215,0.3458367586135864,0.6682485938072205,0.3881460428237915,0.683988094329834,0.3516893684864044,0.8493659496307373,0.4210667610168457,0.8676403164863586,0.2839619219303131,0.9859942197799683,0.41674283146858215,1.0966461896896362
216,0.34970149397850037,0.6701804995536804,0.3916216194629669,0.6850318908691406,0.3635837733745575,0.8481650352478027,0.41326090693473816,0.8763209581375122,0.2907851040363312,0.982464611530304,0.3943406343460083,1.1108014583587646
217,0.35388338565826416,0.6705613732337952,0.3892556130886078,0.6845184564590454,0.3684975206851959,0.8480468392372131,0.40703678131103516,0.880791425704956,0.3027929365634918,0.9855026602745056,0.3894684612751007,1.0953718423843384
218,0.35834312438964844,0.6746087074279785,0.38529446721076965,0.6906985640525818,0.36873510479927063,0.8480193018913269,0.39862367510795593,0.8784408569335938,0.32402336597442627,0.9827635288238525,0.3691430985927582,1.0667505264282227
219,0.35658255219459534,0.6749304533004761,0.38248130679130554,0.6912983655929565,0.36356186866760254,0.847716212272644,0.3952326476573944,0.8819409608840942,0.34040334820747375,0.9769278764724731,0.3610553443431854,1.0667486190795898
220,0.3550685942173004,0.6760399341583252,0.3820720613002777,0.6929797530174255,0.371179461479187,0.8413864970207214,0.3947471082210541,0.8827412128448486,0.33954429626464844,0.9787828922271729,0.357714980840683,1.0737143754959106
221,0.3541989326477051,0.6774345636367798,0.3818184435367584,0.6928905248641968,0.37019744515419006,0.8398699164390564,0.39528706669807434,0.881170392036438,0.3387729227542877,1.011188268661499,0.35656270384788513,1.0808943510055542
222,0.3537715971469879,0.6820932030677795,0.38387370109558105,0.6955288052558899,0.36703574657440186,0.8453785181045532,0.39609745144844055,0.8837966918945312,0.33968624472618103,1.0365067720413208,0.364705890417099,1.0936944484710693
223,0.3534259796142578,0.6909517645835876,0.3842063248157501,0.6978774666786194,0.36540281772613525,0.8643435835838318,0.3940168619155884,0.9072376489639282,0.3363288938999176,1.0751867294311523,0.3674743175506592,1.1177983283996582
224,0.3488064706325531,0.691718578338623,0.38291943073272705,0.6966583728790283,0.36246228218078613,0.8645100593566895,0.39253365993499756,0.9089279770851135,0.33596697449684143,1.0624440908432007,0.3825693428516388,1.1128727197647095
225,0.34529778361320496,0.6938724517822266,0.37436214089393616,0.6987681984901428,0.35308805108070374,0.8648579120635986,0.38604411482810974,0.9057506918907166,0.34864088892936707,1.050887942314148,0.3821289539337158,1.1070692539215088
226,0.3402651846408844,0.6969246864318848,0.3733628988265991,0.7032009363174438,0.34109628200531006,0.869900107383728,0.3876097500324249,0.9025894999504089,0.3429071009159088,1.0503431558609009,0.4162231683731079,1.0314291715621948
227,0.3383747637271881,0.7000465393066406,0.37311920523643494,0.7063015103340149,0.3330453634262085,0.8746888637542725,0.3964695632457733,0.9007735848426819,0.3293268084526062,1.0559442043304443,0.43342313170433044,1.0110136270523071
228,0.33924928307533264,0.7058186531066895,0.3716575801372528,0.7096641659736633,0.3307822048664093,0.8829506635665894,0.3964902460575104,0.9136447906494141,0.31464245915412903,1.0321086645126343,0.417822927236557,1.0952945947647095
229,0.3433786630630493,0.7067778706550598,0.3721369802951813,0.7096196413040161,0.33503106236457825,0.8876049518585205,0.39590179920196533,0.913251519203186,0.31226465106010437,1.0272042751312256,0.41515228152275085,1.1056472063064575
230,0.3462379276752472,0.7113596796989441,0.37555190920829773,0.7120906710624695,0.3366032540798187,0.8967371582984924,0.39593014121055603,0.9140751361846924,0.31821784377098083,1.0846000909805298,0.40942609310150146,1.1079312562942505
231,0.34490010142326355,0.7090211510658264,0.3766222298145294,0.7110967040061951,0.3309948742389679,0.8922817707061768,0.39566531777381897,0.8981090188026428,0.31273868680000305,1.0350712537765503,0.40890535712242126,1.103237271308899
232,0.3527318239212036,0.7099487781524658,0.3765815794467926,0.7137352824211121,0.35373249650001526,0.8899664282798767,0.39427605271339417,0.9070438742637634,0.3464052677154541,1.0502618551254272,0.36539915204048157,1.1002660989761353
233,0.3535987436771393,0.7112335562705994,0.37681150436401367,0.7139849662780762,0.3663412034511566,0.9085554480552673,0.39457979798316956,0.9398350119590759,0.35503706336021423,1.083328366279602,0.3433658182621002,1.1282449960708618
234,0.35309526324272156,0.6947318315505981,0.3788541853427887,0.6968710422515869,0.3614577054977417,0.9030638337135315,0.39397215843200684,0.9313828945159912,0.34800171852111816,1.0767570734024048,0.3597613573074341,1.1241899728775024
235,0.34908750653266907,0.6917421817779541,0.38036075234413147,0.6964340806007385,0.35934504866600037,0.8877055644989014,0.3939988315105438,0.9272195100784302,0.3442978858947754,1.0473432540893555,0.3553446829319,1.1136279106140137
236,0.3482989966869354,0.6899803876876831,0.3803166449069977,0.6965625286102295,0.3707263469696045,0.8604037761688232,0.4013512134552002,0.9270731806755066,0.3562518060207367,0.9676280617713928,0.3599211275577545,1.0795621871948242
237,0.34784603118896484,0.6899998188018799,0.38066980242729187,0.6927708983421326,0.3752368688583374,0.8631125092506409,0.4085233509540558,0.9247321486473083,0.3593007028102875,0.9721733331680298,0.36118194460868835,1.082520842552185
238,0.34362247586250305,0.6904791593551636,0.38175034523010254,0.6925789713859558,0.37068116664886475,0.8650907874107361,0.41566550731658936,0.9193848967552185,0.3545650541782379,0.9910449385643005,0.3756478726863861,1.1038694381713867
239,0.34279099106788635,0.6913987398147583,0.38205432891845703,0.6929593086242676,0.37265267968177795,0.8739933967590332,0.41846081614494324,0.91263747215271,0.3529374599456787,1.0527828931808472,0.3831357955932617,1.1118974685668945
240,0.33978381752967834,0.6936756372451782,0.3821136951446533,0.6961477994918823,0.35983237624168396,0.8744864463806152,0.4220927655696869,0.8971543312072754,0.35263073444366455,1.0732489824295044,0.3906947672367096,1.1085145473480225
241,0.3362998962402344,0.6958943605422974,0.3823235332965851,0.6970615386962891,0.3485125005245209,0.8871836066246033,0.4277949333190918,0.896973192691803,0.3407900333404541,1.0968778133392334,0.3977285623550415,1.1150010824203491
242,0.33296874165534973,0.7024157047271729,0.38260817527770996,0.704233705997467,0.3359445035457611,0.895992636680603,0.4302205741405487,0.8978967070579529,0.3252379298210144,1.0951390266418457,0.40823957324028015,1.1132649183273315
243,0.331139475107193,0.7073870897293091,0.3826535940170288,0.7113329768180847,0.32935598492622375,0.9054150581359863,0.4312427341938019,0.9053539037704468,0.3185276985168457,1.1091874837875366,0.41945865750312805,1.1195687055587769
244,0.3307405412197113,0.7169700264930725,0.38230791687965393,0.7202807068824768,0.32731860876083374,0.9146990776062012,0.43760037422180176,0.9348471164703369,0.31400981545448303,1.1239256858825684,0.41243863105773926,1.116212248802185
245,0.3310599625110626,0.7226445078849792,0.38120630383491516,0.7293534874916077,0.3271162211894989,0.9145547151565552,0.4397019147872925,0.94309002161026,0.31175854802131653,1.1086182594299316,0.40824922919273376,1.1065086126327515
246,0.3317355215549469,0.7244768738746643,0.38462257385253906,0.7328471541404724,0.3285663425922394,0.9112257361412048,0.44017598032951355,0.9377028942108154,0.31352874636650085,1.0402361154556274,0.42487266659736633,1.1051706075668335
247,0.33503493666648865,0.7279068827629089,0.39136287569999695,0.7360120415687561,0.32839053869247437,0.9198532700538635,0.4545763432979584,0.9494011402130127,0.3087133467197418,1.068199872970581,0.42423558235168457,1.1090737581253052
248,0.34473511576652527,0.7276527285575867,0.3980638086795807,0.7350607514381409,0.3299844264984131,0.9173188805580139,0.4566366374492645,0.9487430453300476,0.311421662569046,1.0402019023895264,0.4243914783000946,1.1069424152374268
249,0.3512127697467804,0.7275028228759766,0.40882229804992676,0.7330060005187988,0.33570489287376404,0.9154583811759949,0.45823684334754944,0.9457523226737976,0.31219667196273804,1.0714410543441772,0.4381808936595917,1.1071115732192993
250,0.35765668749809265,0.726482093334198,0.412049263715744,0.7246094942092896,0.3471859395503998,0.9129195809364319,0.45441126823425293,0.8873478174209595,0.33501219749450684,1.0196681022644043,0.45211997628211975,1.031221866607666
251,0.3641773462295532,0.7281461358070374,0.4224616587162018,0.7296376824378967,0.35494041442871094,0.9141826629638672,0.453600138425827,0.8989670872688293,0.3450545072555542,1.00825035572052,0.45854452252388,1.0552945137023926
252,0.36622264981269836,0.7280585169792175,0.42683789134025574,0.7288323640823364,0.36774274706840515,0.8762208223342896,0.45164427161216736,0.8914533257484436,0.361148476600647,0.9901953935623169,0.4507610499858856,1.0542874336242676
253,0.37292978167533875,0.7276149988174438,0.4228166341781616,0.7284079790115356,0.3728688061237335,0.8671952486038208,0.43325987458229065,0.8801546692848206,0.38238441944122314,0.9801905155181885,0.43653789162635803,1.012564778327942
254,0.37159085273742676,0.7299482822418213,0.4217017590999603,0.7281665802001953,0.38013020157814026,0.8774363994598389,0.4335249364376068,0.8860903382301331,0.3863055408000946,1.0429860353469849,0.43645545840263367,1.0692228078842163
255,0.3817251920700073,0.7216179966926575,0.41999730467796326,0.7278928160667419,0.396554559469223,0.8715341091156006,0.42397961020469666,0.8922198414802551,0.40346428751945496,1.020942211151123,0.4245111048221588,1.0540152788162231
256,0.3993450105190277,0.7168185114860535,0.4060653746128082,0.7281152009963989,0.4088911712169647,0.8756866455078125,0.419777512550354,0.9009314179420471,0.40454384684562683,1.0220872163772583,0.4206657111644745,1.0565062761306763
257,0.3958373963832855,0.7196583151817322,0.40096819400787354,0.7372084259986877,0.40606141090393066,0.8959938883781433,0.4216438829898834,0.9270809292793274,0.4057883024215698,1.0417691469192505,0.4128302335739136,1.0933606624603271
258,0.4032309949398041,0.7148950099945068,0.39959952235221863,0.7296510338783264,0.41391944885253906,0.895193874835968,0.4185234010219574,0.932073175907135,0.41780200600624084,1.0621511936187744,0.41500183939933777,1.1177617311477661
259,0.40724775195121765,0.7028456926345825,0.3857506215572357,0.7124029994010925,0.4163477122783661,0.8956375122070312,0.4107590913772583,0.929306149482727,0.4109959602355957,1.057579755783081,0.40964600443840027,1.107831358909607
260,0.41458168625831604,0.6963651180267334,0.3764234781265259,0.7026348114013672,0.41937217116355896,0.8854358792304993,0.3984968960285187,0.898273229598999,0.41083917021751404,1.016897201538086,0.4017721116542816,1.0557996034622192
262,0.395622581243515,0.6396214962005615,0.3635319173336029,0.6490609645843506,0.4184142053127289,0.7681370973587036,0.3929568827152252,0.7640057802200317,0.39843395352363586,0.8574991822242737,0.3864065706729889,0.8794949650764465
263,0.36901915073394775,0.6600695848464966,0.3887101113796234,0.6798313856124878,0.37042370438575745,0.8069846630096436,0.39232566952705383,0.8300254344940186,0.3821617662906647,0.9223968982696533,0.38565054535865784,0.9505158066749573
264,0.36316919326782227,0.6800689101219177,0.39627519249916077,0.6973212957382202,0.3572424650192261,0.8317427635192871,0.3888317346572876,0.8573251366615295,0.3642978370189667,0.9617881774902344,0.38004544377326965,0.9891242384910583
265,0.3593808710575104,0.6956561207771301,0.40084782242774963,0.7060000896453857,0.3556744158267975,0.8345760703086853,0.38893964886665344,0.8487927913665771,0.37049904465675354,0.9534999132156372,0.38741588592529297,0.959174633026123
267,0.37518110871315,0.6532590389251709,0.3819848597049713,0.6656622290611267,0.3770521581172943,0.8039695620536804,0.3857618272304535,0.8127867579460144,0.3835747539997101,0.9410423040390015,0.386775404214859,0.9421830773353577
270,0.4022100865840912,0.7032372951507568,0.37722745537757874,0.7168688178062439,0.42535892128944397,0.8203362822532654,0.38287481665611267,0.8451826572418213,0.40321576595306396,0.9168028831481934,0.3926818370819092,0.9288959503173828
271,0.3960587680339813,0.7041739225387573,0.39158394932746887,0.7168762683868408,0.42020145058631897,0.8400096297264099,0.39684104919433594,0.8605374097824097,0.41083869338035583,0.954731822013855,0.39710327982902527,0.9861436486244202
272,0.38990262150764465,0.7028278708457947,0.3995194137096405,0.7135553956031799,0.419673353433609,0.8461937308311462,0.4069196879863739,0.8686520457267761,0.41858986020088196,0.967721700668335,0.4093218743801117,1.0085787773132324
273,0.38132473826408386,0.7007001042366028,0.4036737382411957,0.7074595093727112,0.4106607437133789,0.860929012298584,0.4167666733264923,0.8803040385246277,0.42032667994499207,1.0034345388412476,0.42170044779777527,1.0330214500427246
274,0.37232089042663574,0.6972938179969788,0.4060777425765991,0.7080129981040955,0.40503931045532227,0.8596161603927612,0.4172443449497223,0.8848384022712708,0.4184568226337433,1.0034123659133911,0.4203740358352661,1.0342286825180054
275,0.3835831880569458,0.6972737312316895,0.3944227993488312,0.7085177898406982,0.4251730144023895,0.8602485060691833,0.41269147396087646,0.8874027729034424,0.43351224064826965,0.9930164217948914,0.4181503355503082,1.0372638702392578
276,0.3833710253238678,0.6938615441322327,0.3906012773513794,0.7088084816932678,0.4156382977962494,0.8639013767242432,0.40925315022468567,0.8937364220619202,0.4293750524520874,0.9952980279922485,0.4163144826889038,1.0346252918243408
277,0.38578376173973083,0.6865037083625793,0.37381961941719055,0.7064979076385498,0.4175248444080353,0.8642132878303528,0.4026358127593994,0.8897268772125244,0.42579665780067444,0.9883183836936951,0.4145197868347168,1.0228239297866821
278,0.4067893922328949,0.665281355381012,0.3520907163619995,0.6902810335159302,0.4191034734249115,0.8564187288284302,0.37306925654411316,0.8731492161750793,0.42703428864479065,0.9856994152069092,0.3860504925251007,1.0195214748382568
279,0.4120773375034332,0.6656591892242432,0.34742069244384766,0.6932286620140076,0.42638251185417175,0.8654310703277588,0.36759987473487854,0.8935847282409668,0.4292255938053131,1.0170483589172363,0.365738183259964,1.0721464157104492
282,0.3556152880191803,0.6627113223075867,0.39939412474632263,0.6812872290611267,0.3606817424297333,0.7796710729598999,0.41455674171447754,0.7803301811218262,0.37968024611473083,0.9081612229347229,0.4202429950237274,0.8946255445480347
283,0.3555661737918854,0.6729492545127869,0.4020638167858124,0.6909897923469543,0.3572709262371063,0.7808270454406738,0.41346755623817444,0.7890194058418274,0.37978920340538025,0.9081577658653259,0.4192531108856201,0.8864136338233948
284,0.36175069212913513,0.6772621273994446,0.391084223985672,0.6977488398551941,0.36327919363975525,0.7941433191299438,0.3945363461971283,0.8146541118621826,0.388731449842453,0.9208264946937561,0.39425837993621826,0.9077842831611633
285,0.3605225384235382,0.6842036843299866,0.39945316314697266,0.7013307213783264,0.34994110465049744,0.8254761695861816,0.39801791310310364,0.8352484107017517,0.3832279145717621,0.9448772072792053,0.40708863735198975,0.9364274144172668
286,0.3608410358428955,0.684821605682373,0.3997096121311188,0.7040974497795105,0.35136714577674866,0.8231760859489441,0.4009232223033905,0.832234799861908,0.3819216787815094,0.9441218376159668,0.4085427522659302,0.9326547980308533
287,0.3767261207103729,0.6842795014381409,0.3953646123409271,0.702164351940155,0.37715911865234375,0.8120866417884827,0.39794954657554626,0.8241553902626038,0.39202675223350525,0.920035183429718,0.39711830019950867,0.922476589679718
